accident_ymd,기타,분만,소화기,신경계,심혈관,외상,체온,출혈,통증,호흡기
20200101,114,0,14,116,63,75,57,9,406,29
20200102,148,1,19,134,77,78,71,11,506,27
20200103,132,1,23,155,67,69,57,7,468,51
20200104,122,1,19,109,62,69,49,6,436,39
20200105,84,2,19,108,60,70,70,7,422,39
20200106,150,0,14,121,68,60,61,6,518,45
20200107,128,1,13,135,77,65,60,9,510,47
20200108,124,0,26,124,63,73,60,4,471,39
20200109,107,1,23,121,57,63,48,9,468,32
20200110,117,0,17,134,69,61,62,7,401,39
20200111,116,1,22,122,67,85,63,8,431,40
20200112,126,1,19,108,56,68,45,10,419,42
20200113,137,1,15,138,74,68,63,9,499,48
20200114,117,0,12,132,61,61,49,3,446,34
20200115,124,0,18,128,70,76,53,3,429,31
20200116,126,1,20,105,62,69,44,8,439,39
20200117,126,1,15,144,60,99,44,5,447,37
20200118,110,1,23,109,59,91,47,5,436,27
20200119,129,1,8,127,71,82,53,2,437,38
20200120,153,1,20,108,90,79,50,11,461,35
20200121,129,1,20,140,68,75,58,11,438,39
20200122,93,1,18,131,69,76,58,10,443,51
20200123,81,1,23,124,55,83,55,7,462,39
20200124,66,0,22,111,57,80,47,5,374,28
20200125,73,1,27,106,65,61,59,11,400,38
20200126,72,1,21,137,62,56,64,6,440,39
20200127,76,3,23,125,63,50,55,11,429,37
20200128,100,2,16,158,69,47,52,12,433,59
20200129,79,0,11,126,60,62,53,8,428,51
20200130,82,0,22,116,70,74,47,10,406,40
20200131,69,0,21,124,48,72,43,8,414,47
20200201,81,0,18,102,57,87,42,9,377,42
20200202,75,2,22,103,58,66,47,9,380,35
20200203,95,0,17,131,78,79,47,7,456,42
20200204,54,0,15,132,53,84,31,6,393,35
20200205,72,3,20,109,57,67,26,6,402,39
20200206,60,0,12,96,49,67,41,9,437,28
20200207,68,0,23,118,58,81,33,6,419,38
20200208,54,1,19,117,54,93,27,7,426,24
20200209,66,1,11,117,55,78,26,10,364,25
20200210,109,0,18,123,63,76,38,6,471,36
20200211,67,0,13,122,66,84,35,6,407,28
20200212,84,3,12,116,62,82,27,6,386,43
20200213,75,1,20,109,56,82,33,10,381,31
20200214,81,1,16,127,52,65,41,9,446,30
20200215,73,0,15,136,54,83,31,4,419,30
20200216,71,0,25,114,33,99,28,6,417,36
20200217,83,0,19,111,65,82,37,9,522,37
20200218,75,0,24,107,67,84,28,3,434,33
20200219,58,0,20,98,53,72,26,7,415,24
20200220,70,1,12,106,66,76,38,7,422,34
20200221,72,1,11,94,52,88,23,7,359,36
20200222,45,1,16,89,51,70,26,12,343,32
20200223,47,0,17,80,31,59,31,5,318,27
20200224,63,0,9,134,64,52,47,10,362,35
20200225,58,3,11,79,60,52,36,4,310,20
20200226,69,1,7,75,56,51,37,14,290,28
20200227,46,2,14,93,48,66,45,8,320,29
20200228,66,1,12,92,56,71,32,5,282,40
20200229,63,1,14,83,52,97,28,3,267,36
20200301,48,0,9,94,50,62,21,8,319,31
20200302,52,1,13,98,54,51,46,7,326,32
20200303,70,0,9,95,62,54,27,7,316,35
20200304,55,0,11,104,53,55,32,3,287,35
20200305,53,0,11,112,56,49,27,13,295,35
20200306,53,0,14,102,58,52,15,10,282,32
20200307,57,0,10,81,51,59,35,6,280,31
20200308,58,1,9,90,57,58,31,13,295,23
20200309,64,1,12,115,64,73,34,8,342,28
20200310,59,0,17,82,60,59,39,6,306,32
20200311,57,0,13,94,62,59,23,11,295,39
20200312,57,0,7,84,73,54,31,7,324,35
20200313,44,1,5,99,65,67,22,8,301,37
20200314,58,3,13,87,47,57,28,3,286,42
20200315,57,0,9,95,57,68,24,9,296,19
20200316,61,2,7,119,57,74,32,9,345,44
20200317,72,0,10,97,65,75,27,8,326,28
20200318,57,1,11,80,51,70,32,6,344,39
20200319,55,0,10,93,51,66,38,10,303,33
20200320,59,0,9,101,61,65,25,4,335,34
20200321,60,0,18,110,61,64,33,2,292,38
20200322,55,0,9,103,58,84,29,8,334,35
20200323,64,0,9,114,74,59,31,10,354,40
20200324,50,0,18,104,53,72,32,4,333,28
20200325,62,0,18,89,64,69,27,7,323,40
20200326,61,1,10,98,64,73,29,8,336,35
20200327,66,1,18,110,55,60,36,2,333,31
20200328,63,2,13,89,48,69,29,4,336,34
20200329,59,0,7,106,54,65,21,3,327,33
20200330,86,0,15,116,65,70,29,7,370,30
20200331,64,2,17,95,56,54,31,6,331,20
20200401,60,0,11,102,61,62,26,9,307,30
20200402,64,0,11,91,57,65,20,6,359,45
20200403,56,0,13,112,55,68,30,7,333,27
20200404,52,1,12,109,53,82,31,11,324,23
20200405,61,0,7,102,51,76,32,11,311,18
20200406,65,0,10,108,77,47,31,13,381,28
20200407,73,1,8,117,54,63,32,10,318,29
20200408,61,1,17,101,49,78,21,4,336,22
20200409,64,1,9,107,58,72,18,16,333,37
20200410,65,0,20,91,45,63,25,10,332,23
20200411,52,3,18,84,53,85,17,5,361,29
20200412,62,0,12,109,56,85,26,3,320,37
20200413,77,0,18,119,56,70,25,4,381,35
20200414,71,0,15,89,65,79,22,5,318,32
20200415,62,0,8,110,61,75,19,14,381,20
20200416,80,1,12,109,49,83,32,6,343,29
20200417,68,2,14,111,47,79,28,11,359,37
20200418,53,1,10,104,72,81,27,10,383,19
20200419,50,0,13,89,51,66,23,9,340,31
20200420,79,0,16,123,76,55,32,6,376,46
20200421,82,0,14,87,61,66,22,4,353,23
20200422,73,1,13,106,58,59,34,9,347,20
20200423,50,0,12,102,58,57,32,9,350,28
20200424,77,1,12,96,65,64,24,10,372,30
20200425,71,0,9,108,60,88,34,9,353,33
20200426,61,0,17,111,66,83,24,8,396,27
20200427,88,0,10,154,59,59,26,12,374,44
20200428,97,0,14,152,64,64,20,8,356,28
20200429,66,1,12,120,61,83,26,8,410,32
20200430,68,0,8,91,55,77,31,5,363,20
20200501,80,0,8,121,61,80,23,3,421,33
20200502,78,1,11,104,61,103,29,8,375,35
20200503,73,1,9,142,72,90,21,8,374,35
20200504,75,1,25,129,52,86,21,13,426,31
20200505,52,2,16,87,49,87,27,8,376,35
20200506,100,0,12,107,57,83,26,10,434,27
20200507,78,0,6,106,50,80,17,7,409,27
20200508,77,0,12,131,58,74,20,10,416,32
20200509,69,0,14,119,45,58,20,7,374,30
20200510,68,0,13,106,56,66,35,6,359,29
20200511,87,0,14,104,52,84,24,6,416,37
20200512,73,1,8,121,61,75,31,11,377,22
20200513,70,1,18,131,58,72,22,9,360,29
20200514,84,0,8,126,48,85,34,8,403,30
20200515,81,0,15,128,59,77,28,4,407,30
20200516,59,0,16,95,47,84,21,6,398,33
20200517,70,2,13,118,55,85,28,8,363,32
20200518,81,1,15,118,65,85,28,9,425,37
20200519,72,0,12,98,52,66,35,5,351,27
20200520,86,1,14,106,51,78,41,6,375,24
20200521,115,0,14,137,56,79,36,3,446,37
20200522,121,0,20,112,58,84,44,8,416,35
20200523,108,0,9,106,67,99,35,11,382,29
20200524,108,0,12,109,61,88,31,4,376,29
20200525,149,0,24,137,65,88,35,8,460,36
20200526,139,3,25,119,49,103,50,7,408,42
20200527,148,1,25,115,70,80,58,5,429,22
20200528,127,1,21,119,58,85,41,5,431,31
20200529,154,0,18,115,63,93,49,7,408,34
20200530,121,1,17,107,49,111,36,11,394,41
20200531,98,2,10,113,70,95,35,12,368,38
20200601,131,1,19,129,76,89,47,6,485,34
20200602,122,3,12,102,49,75,36,10,418,35
20200603,147,0,14,127,53,87,60,13,417,35
20200604,139,0,9,132,58,89,42,9,420,24
20200605,143,0,17,111,60,101,42,11,440,41
20200606,138,0,15,107,51,102,29,11,384,29
20200607,131,0,18,117,57,109,31,8,400,37
20200608,159,1,16,146,63,91,65,7,431,42
20200609,127,1,12,109,53,79,53,5,400,33
20200610,149,0,10,122,59,89,57,1,442,26
20200611,130,1,16,112,50,91,60,7,381,47
20200612,138,0,5,139,53,79,36,7,387,27
20200613,135,0,15,128,43,114,45,9,431,25
20200614,117,0,14,97,66,99,35,7,394,29
20200615,148,0,10,129,42,85,43,13,426,33
20200616,139,1,14,126,64,78,36,4,376,34
20200617,129,0,12,112,62,64,41,8,402,35
20200618,137,1,11,127,59,85,28,6,365,34
20200619,131,1,11,143,59,116,46,7,384,25
20200620,121,2,17,121,51,101,33,7,419,26
20200621,122,0,11,125,48,97,36,5,431,30
20200622,149,1,18,147,61,87,46,6,379,35
20200623,130,0,16,96,54,82,40,13,378,32
20200624,121,0,22,109,44,84,42,7,402,46
20200625,134,2,12,134,62,103,38,18,438,36
20200626,121,2,8,105,51,88,33,9,403,33
20200627,128,0,13,115,54,115,32,5,392,27
20200628,136,1,10,109,48,102,30,7,390,22
20200629,160,0,29,130,56,69,36,5,437,34
20200630,118,1,13,125,63,89,30,5,391,28
20200701,131,0,18,111,48,82,32,7,405,30
20200702,118,4,11,122,49,82,44,6,387,40
20200703,139,1,17,148,66,102,46,6,385,40
20200704,140,0,15,124,47,94,33,13,444,30
20200705,120,0,9,121,51,97,39,10,390,31
20200706,142,1,12,132,71,97,38,8,407,38
20200707,142,0,14,111,60,90,31,9,451,35
20200708,135,2,20,130,63,90,39,8,434,37
20200709,142,0,12,148,51,95,45,14,434,25
20200710,128,0,19,141,53,90,28,9,427,36
20200711,116,0,18,108,58,116,36,9,457,19
20200712,107,0,10,95,50,94,34,5,390,29
20200713,120,1,17,116,57,93,36,7,454,42
20200714,127,0,13,118,50,85,36,9,431,28
20200715,165,0,11,124,56,97,40,9,452,32
20200716,125,1,15,118,64,96,41,7,376,24
20200717,130,1,20,120,53,104,48,8,406,32
20200718,132,2,18,116,63,89,51,3,425,27
20200719,102,1,24,97,34,102,40,6,367,30
20200720,159,0,12,118,75,96,38,12,512,37
20200721,175,0,13,155,68,96,44,2,481,26
20200722,136,2,14,109,43,101,43,2,384,34
20200723,146,0,11,121,63,99,25,5,432,29
20200724,143,0,10,126,66,89,28,10,383,28
20200725,113,0,15,136,54,120,27,4,450,32
20200726,137,1,15,105,61,106,33,5,423,22
20200727,128,1,11,147,51,80,37,7,450,42
20200728,108,0,15,140,51,85,28,5,384,36
20200729,130,1,22,140,41,104,32,6,400,23
20200730,144,1,20,139,54,91,40,5,472,25
20200731,154,1,17,131,65,103,37,5,441,28
20200801,147,0,14,119,49,90,30,12,409,29
20200802,137,0,26,91,47,83,33,9,382,28
20200803,139,0,17,134,79,85,29,5,448,39
20200804,136,0,16,142,54,96,43,5,407,32
20200805,121,0,24,133,55,100,29,6,439,31
20200806,132,3,17,111,51,110,39,10,420,26
20200807,152,1,16,142,52,106,33,10,403,31
20200808,123,0,15,132,51,102,43,9,400,27
20200809,119,0,16,115,66,81,25,9,368,19
20200810,139,0,11,151,80,78,40,12,442,37
20200811,145,1,16,108,52,100,46,6,415,33
20200812,139,0,13,139,69,89,36,13,423,36
20200813,131,0,13,142,52,73,41,9,367,40
20200814,144,1,10,135,68,94,44,13,398,32
20200815,155,0,18,118,46,106,43,5,424,30
20200816,180,1,18,115,44,98,34,7,370,35
20200817,173,0,16,126,55,72,50,4,414,32
20200818,176,1,16,145,59,80,46,7,418,38
20200819,173,0,14,110,52,72,56,11,364,28
20200820,161,1,13,123,65,89,43,9,377,27
20200821,151,1,11,119,63,86,52,6,379,27
20200822,138,0,19,122,56,99,50,3,395,36
20200823,131,0,15,109,64,90,48,8,367,17
20200824,166,1,13,135,52,88,44,9,423,38
20200825,175,1,8,87,79,89,48,10,363,35
20200826,166,0,8,129,58,94,62,9,398,28
20200827,178,0,8,120,58,97,50,8,326,26
20200828,172,0,6,98,55,81,47,5,353,32
20200829,146,1,12,96,48,100,35,12,339,34
20200830,137,0,13,94,58,79,50,8,364,23
20200831,183,0,7,130,53,66,43,8,388,24
20200901,143,0,7,108,51,70,36,7,327,18
20200902,135,1,10,88,48,69,33,12,320,28
20200903,135,1,9,93,53,64,40,3,350,27
20200904,130,0,8,106,43,77,30,8,356,24
20200905,108,1,7,96,53,96,28,8,361,23
20200906,110,1,10,104,46,73,21,10,327,30
20200907,124,0,9,117,53,74,27,5,387,36
20200908,127,0,11,107,47,71,35,5,380,27
20200909,115,0,12,108,56,61,35,5,336,28
20200910,119,0,15,97,56,98,36,2,350,32
20200911,122,0,11,112,61,81,33,3,364,22
20200912,104,0,17,107,46,77,28,6,325,28
20200913,97,1,15,109,45,80,32,7,362,28
20200914,124,0,13,122,76,80,37,9,371,33
20200915,150,0,8,97,63,73,37,3,390,26
20200916,149,0,15,89,65,83,25,2,389,37
20200917,111,4,11,118,58,105,36,9,344,19
20200918,120,1,12,113,63,84,34,8,428,23
20200919,112,0,9,100,59,106,37,8,365,21
20200920,107,0,9,109,42,100,24,5,393,26
20200921,158,0,10,154,78,104,31,5,378,33
20200922,135,1,12,106,54,115,24,10,401,25
20200923,131,1,5,114,51,83,27,7,354,31
20200924,116,0,11,100,54,92,31,9,407,39
20200925,134,1,10,147,57,95,30,3,389,33
20200926,111,1,15,93,64,124,30,3,377,34
20200927,94,0,11,113,57,88,31,9,414,20
20200928,130,0,11,147,74,102,31,11,466,44
20200929,158,0,10,109,54,92,44,11,410,25
20200930,96,0,16,108,55,95,26,1,419,27
20201001,111,0,8,114,59,76,30,10,328,24
20201002,110,0,9,89,55,74,42,5,439,29
20201003,120,0,16,119,52,93,30,6,405,26
20201004,118,0,5,121,59,87,33,9,419,26
20201005,145,0,16,149,80,78,27,8,439,39
20201006,107,2,10,106,54,79,40,11,416,34
20201007,123,2,15,125,70,67,31,8,400,28
20201008,121,3,15,118,58,86,27,5,392,33
20201009,106,0,7,103,53,114,28,6,372,33
20201010,118,0,20,117,59,86,18,8,427,26
20201011,105,0,12,112,63,98,14,3,392,43
20201012,126,1,14,127,66,72,31,4,447,37
20201013,128,1,8,110,55,72,26,5,391,35
20201014,111,4,14,110,70,87,35,3,371,31
20201015,116,1,11,107,53,93,20,5,364,37
20201016,107,0,8,106,72,85,31,16,366,24
20201017,109,0,5,108,65,104,20,10,391,19
20201018,108,0,7,99,50,99,26,10,382,24
20201019,116,3,15,124,71,79,19,9,394,32
20201020,116,0,16,105,58,88,32,3,401,38
20201021,124,0,10,149,54,104,40,6,418,32
20201022,150,1,11,153,68,85,33,10,376,50
20201023,107,0,13,118,71,89,38,8,373,32
20201024,126,0,15,116,42,98,31,5,444,28
20201025,102,1,8,91,62,97,30,8,388,29
20201026,125,0,17,135,73,75,28,2,439,51
20201027,118,2,8,119,65,80,25,8,433,37
20201028,133,1,8,113,59,73,17,4,388,29
20201029,119,1,8,119,66,89,29,3,424,25
20201030,122,0,18,113,64,81,24,15,447,33
20201031,133,0,9,112,67,105,30,7,438,25
20201101,99,0,23,110,58,79,31,5,373,38
20201102,126,1,9,128,59,75,37,5,418,35
20201103,111,2,6,102,55,90,24,5,395,43
20201104,127,1,11,105,41,71,25,6,333,29
20201105,125,0,13,108,67,86,27,12,374,26
20201106,134,2,8,129,61,76,29,7,369,30
20201107,124,0,10,104,68,107,32,8,346,31
20201108,113,0,13,102,67,101,35,2,394,37
20201109,149,0,11,134,78,61,24,16,410,42
20201110,132,0,11,131,71,85,38,10,346,31
20201111,122,0,13,121,62,87,37,6,361,31
20201112,135,1,13,112,64,80,33,9,377,33
20201113,120,0,10,123,51,99,27,7,416,28
20201114,138,1,8,115,57,100,30,11,408,22
20201115,131,0,12,116,54,102,24,5,363,28
20201116,156,0,7,138,61,80,34,8,446,39
20201117,132,2,15,155,43,82,31,9,386,34
20201118,146,1,10,125,60,75,25,8,383,29
20201119,154,1,7,108,70,77,26,4,396,23
20201120,152,0,14,117,65,78,30,11,396,37
20201121,136,1,15,117,50,104,29,10,384,17
20201122,122,1,18,94,62,77,22,11,339,32
20201123,143,0,10,129,63,82,27,7,433,30
20201124,139,1,16,103,48,77,26,7,407,35
20201125,153,2,13,105,47,83,39,6,352,24
20201126,156,2,11,117,58,61,29,7,347,26
20201127,168,0,9,106,62,61,29,8,357,39
20201128,145,1,15,111,60,77,28,3,325,23
20201129,158,0,10,90,57,59,24,4,342,23
20201130,157,0,14,112,61,73,28,12,376,40
20201201,163,0,10,120,66,61,39,8,361,31
20201202,144,0,7,106,60,73,34,8,343,34
20201203,133,2,12,107,65,50,26,9,322,33
20201204,154,1,14,96,38,78,30,5,344,31
20201205,162,0,13,94,53,67,41,7,318,14
20201206,126,1,12,83,52,81,32,6,305,35
20201207,168,1,11,109,58,66,36,11,398,41
20201208,151,3,7,116,59,66,24,10,317,41
20201209,160,1,17,97,55,54,27,6,359,38
20201210,146,0,5,91,53,56,34,9,305,39
20201211,161,0,7,95,60,60,26,5,353,32
20201212,138,1,9,92,55,74,33,6,304,40
20201213,160,0,7,77,32,74,23,3,292,30
20201214,159,1,11,97,76,48,19,6,331,34
20201215,153,0,22,84,68,66,26,7,333,33
20201216,156,1,16,105,66,66,24,6,286,36
20201217,143,0,7,102,66,61,38,3,303,20
20201218,171,0,10,119,75,89,28,5,359,24
20201219,182,0,17,87,70,91,22,6,366,21
20201220,156,0,13,88,62,64,30,12,327,41
20201221,155,0,8,105,71,65,32,5,369,31
20201222,168,1,14,120,59,68,33,7,374,24
20201223,150,0,13,92,67,75,28,8,334,35
20201224,136,0,13,108,53,69,35,4,284,41
20201225,147,0,12,80,47,66,30,7,293,38
20201226,165,0,6,94,52,68,30,6,294,36
20201227,133,0,10,102,67,69,32,7,305,33
20201228,182,2,13,116,75,77,31,7,376,48
20201229,162,0,10,110,49,55,23,0,326,37
20201230,136,2,13,86,54,75,23,9,272,32
20201231,162,0,10,109,60,85,25,5,329,34
20210101,151,1,3,94,62,50,25,10,303,26
20210102,125,0,12,88,53,74,24,10,344,27
20210103,101,1,16,98,47,55,36,4,261,30
20210104,125,0,6,102,57,70,27,3,375,44
20210105,152,1,7,95,61,45,22,8,307,22
20210106,128,1,7,101,60,69,21,7,370,46
20210107,121,4,17,97,60,66,22,14,403,24
20210108,137,1,12,105,77,63,18,8,341,30
20210109,122,0,16,96,63,90,21,5,331,28
20210110,117,0,13,86,77,71,29,8,319,35
20210111,132,3,9,129,66,75,29,14,355,30
20210112,126,0,11,100,72,92,26,5,405,32
20210113,127,1,7,94,60,63,28,7,387,23
20210114,114,0,12,108,57,73,24,10,372,31
20210115,138,2,12,119,69,70,24,8,347,42
20210116,122,1,10,96,57,72,22,8,348,25
20210117,117,0,12,93,66,73,24,8,316,35
20210118,137,0,14,118,61,56,34,5,391,38
20210119,129,0,9,86,62,65,28,7,355,25
20210120,112,0,11,138,82,76,32,7,399,31
20210121,122,1,15,121,74,77,21,7,347,25
20210122,141,1,8,112,75,68,33,7,356,41
20210123,112,0,14,109,50,65,22,8,343,32
20210124,118,1,13,113,56,68,25,4,338,35
20210125,147,0,12,133,79,71,28,8,422,40
20210126,116,2,15,95,59,70,33,13,326,54
20210127,118,2,15,105,48,59,32,12,369,25
20210128,115,1,8,154,56,79,27,5,350,32
20210129,156,2,12,109,67,69,32,3,330,29
20210130,147,0,17,116,72,76,23,8,350,40
20210131,109,0,5,85,72,68,18,2,301,35
20210201,150,0,15,132,60,86,26,9,388,40
20210202,151,1,12,107,58,65,28,8,338,32
20210203,130,0,19,110,55,86,23,10,319,41
20210204,114,0,14,119,54,84,26,9,416,19
20210205,142,0,14,117,67,93,22,7,391,28
20210206,141,1,20,109,64,74,27,8,376,34
20210207,105,1,14,116,67,72,33,6,329,35
20210208,117,1,10,106,82,85,20,9,375,37
20210209,137,1,10,117,70,61,19,12,437,41
20210210,141,1,10,133,68,104,30,11,358,46
20210211,125,0,12,93,46,80,32,12,344,25
20210212,140,1,12,83,57,56,27,7,300,30
20210213,146,0,15,125,61,87,25,6,357,31
20210214,144,0,18,118,57,67,40,13,336,36
20210215,145,1,11,145,73,62,29,10,408,39
20210216,140,0,17,106,60,73,26,8,381,27
20210217,125,0,15,114,57,65,28,6,304,37
20210218,158,0,16,132,67,77,20,5,338,28
20210219,132,1,18,99,74,73,35,7,381,37
20210220,143,0,10,137,65,83,30,6,350,43
20210221,144,0,12,114,93,80,20,13,325,38
20210222,154,0,15,126,86,71,28,11,371,38
20210223,154,0,15,129,71,75,32,5,314,24
20210224,132,2,9,118,70,71,35,10,347,31
20210225,166,0,11,113,65,71,17,17,332,36
20210226,152,1,12,102,64,92,40,10,367,33
20210227,149,0,9,83,57,102,18,8,356,34
20210228,116,2,16,103,56,86,23,9,356,26
20210301,117,0,9,118,66,69,20,7,357,38
20210302,134,1,16,151,56,60,23,9,364,40
20210303,126,2,4,116,70,76,28,9,380,34
20210304,142,2,10,111,66,72,21,8,364,42
20210305,159,1,12,131,84,90,43,1,375,30
20210306,134,0,11,92,57,92,25,6,397,39
20210307,123,0,17,95,53,72,21,8,324,37
20210308,122,1,12,139,81,76,24,12,397,32
20210309,136,2,17,100,59,61,25,3,338,33
20210310,129,1,17,121,60,90,24,8,341,31
20210311,127,0,13,119,84,80,26,3,332,40
20210312,125,2,15,129,58,99,18,8,331,37
20210313,128,0,10,105,58,93,18,10,357,39
20210314,93,2,13,107,46,75,31,8,368,35
20210315,153,0,15,134,75,59,30,5,360,51
20210316,138,0,14,108,59,84,25,8,358,38
20210317,115,1,15,112,61,73,27,3,317,30
20210318,109,0,12,111,72,71,36,7,379,37
20210319,150,0,17,141,59,103,20,7,386,42
20210320,134,0,19,112,49,88,25,6,318,26
20210321,98,0,10,93,55,81,31,6,346,30
20210322,112,1,10,122,77,81,20,8,420,37
20210323,130,1,12,128,53,70,24,10,351,40
20210324,108,1,9,108,69,71,27,5,332,27
20210325,122,0,13,132,65,94,38,7,373,34
20210326,144,1,20,138,59,91,31,7,384,27
20210327,120,2,16,121,49,60,29,6,385,38
20210328,123,0,13,121,60,91,18,7,349,36
20210329,133,0,17,130,70,75,34,9,409,38
20210330,115,1,12,113,67,74,21,3,371,38
20210331,123,0,6,124,69,95,31,5,340,34
20210401,155,2,5,126,67,110,24,7,374,29
20210402,147,1,12,135,60,90,33,2,400,45
20210403,139,0,17,117,67,98,33,7,358,38
20210404,139,0,11,108,49,91,15,6,369,32
20210405,151,0,9,111,66,96,27,11,444,45
20210406,139,1,15,116,56,99,28,12,377,23
20210407,151,0,11,125,76,91,23,5,383,38
20210408,126,1,11,118,65,84,29,3,390,39
20210409,149,1,9,130,68,97,35,6,371,42
20210410,158,1,13,111,42,101,20,7,394,25
20210411,115,1,11,106,53,101,34,8,365,37
20210412,171,0,11,148,68,88,35,7,421,44
20210413,144,2,13,120,64,77,34,6,367,42
20210414,164,1,9,127,60,72,33,3,361,30
20210415,140,0,20,136,69,86,33,12,362,35
20210416,152,1,4,119,60,88,30,12,360,37
20210417,113,0,15,124,63,85,29,6,348,34
20210418,132,0,12,88,65,98,38,3,373,31
20210419,164,0,11,139,60,49,37,3,418,41
20210420,136,0,13,127,54,79,30,7,376,43
20210421,144,0,10,139,61,92,35,3,395,41
20210422,161,1,16,128,55,88,33,5,407,41
20210423,179,1,14,142,72,83,40,7,420,42
20210424,147,1,11,123,55,111,32,10,397,43
20210425,169,2,16,113,64,106,25,7,434,40
20210426,166,1,19,151,73,85,41,6,406,39
20210427,160,0,16,135,56,70,27,4,413,50
20210428,156,0,8,139,57,91,32,10,378,29
20210429,171,0,18,124,60,83,30,5,391,51
20210430,169,1,16,134,84,99,32,8,404,43
20210501,117,2,10,127,56,77,26,3,404,39
20210502,126,0,13,120,65,105,27,4,402,39
20210503,171,1,5,155,66,76,37,9,434,44
20210504,152,2,13,134,71,96,39,9,358,31
20210505,118,1,12,108,75,104,24,9,372,33
20210506,159,0,10,138,72,73,30,11,417,54
20210507,175,1,10,126,71,96,32,10,419,36
20210508,139,1,8,127,64,88,36,12,354,37
20210509,139,0,17,116,64,95,34,7,348,42
20210510,140,1,17,144,76,57,39,10,413,43
20210511,146,0,16,156,75,95,47,12,418,31
20210512,179,1,11,141,62,78,45,9,374,36
20210513,173,0,24,119,63,85,34,7,399,44
20210514,153,0,8,148,71,80,35,9,457,46
20210515,174,0,11,110,66,123,32,11,415,34
20210516,144,0,10,119,70,81,39,4,382,33
20210517,158,0,15,173,82,96,36,10,458,55
20210518,215,0,15,119,63,91,29,9,421,37
20210519,174,0,13,108,67,94,43,4,445,31
20210520,181,0,18,122,81,83,34,8,417,45
20210521,173,0,11,137,62,103,34,9,419,42
20210522,160,1,13,133,56,114,27,12,438,63
20210523,135,0,13,117,62,111,23,11,375,37
20210524,150,0,19,161,76,79,39,10,473,53
20210525,143,1,14,127,78,84,34,9,404,55
20210526,167,0,17,144,57,107,42,16,397,51
20210527,148,0,14,137,90,82,40,6,392,49
20210528,181,1,11,153,68,97,44,9,404,42
20210529,150,1,17,137,51,123,29,9,381,32
20210530,170,0,11,146,54,107,49,3,393,35
20210531,184,0,14,159,73,97,44,8,434,58
20210601,187,2,13,176,80,90,36,10,412,55
20210602,155,2,16,202,84,91,47,12,455,51
20210603,179,1,19,163,59,98,42,6,418,49
20210604,159,0,18,132,59,92,40,11,471,50
20210605,173,1,19,141,60,115,36,8,436,53
20210606,196,1,10,145,71,107,39,7,427,49
20210607,191,1,16,176,88,103,35,12,429,64
20210608,196,1,14,137,77,98,54,5,467,45
20210609,187,1,18,163,69,88,60,7,469,41
20210610,235,2,11,164,72,88,43,13,452,43
20210611,185,1,16,150,78,108,47,13,429,55
20210612,197,0,12,153,66,102,39,7,450,59
20210613,170,3,19,158,84,100,56,3,464,46
20210614,215,1,22,179,79,87,63,5,467,72
20210615,177,1,15,145,66,94,60,4,489,64
20210616,161,1,12,133,72,82,53,7,368,45
20210617,203,0,13,161,78,76,51,11,472,65
20210618,167,3,16,152,77,99,58,10,492,60
20210619,172,0,22,150,57,110,50,8,516,40
20210620,158,0,20,143,82,112,40,8,471,36
20210621,204,1,17,158,92,80,47,6,488,58
20210622,178,1,9,166,66,96,53,7,448,44
20210623,183,1,19,154,86,70,33,12,430,44
20210624,161,1,27,139,78,103,47,11,454,44
20210625,190,1,13,147,76,98,44,6,508,45
20210626,182,0,10,129,60,109,42,5,442,43
20210627,149,0,10,113,61,91,41,7,472,41
20210628,165,2,12,167,86,83,38,8,508,46
20210629,154,0,18,144,61,96,44,7,405,55
20210630,192,0,11,132,66,101,50,10,429,43
20210701,189,1,17,158,79,85,48,6,442,50
20210702,190,1,11,152,65,110,61,9,463,49
20210703,157,3,17,128,63,114,48,7,467,34
20210704,155,1,11,140,68,89,21,8,412,44
20210705,183,1,16,160,69,98,42,15,462,45
20210706,198,0,22,158,51,92,48,9,434,46
20210707,219,1,12,128,74,89,44,9,393,65
20210708,214,1,14,141,74,76,48,8,401,40
20210709,243,0,11,136,75,111,52,6,417,49
20210710,193,0,15,128,59,117,39,10,450,48
20210711,181,0,14,142,51,97,60,8,393,50
20210712,218,1,20,149,77,78,50,3,430,54
20210713,237,0,10,166,71,72,62,9,374,55
20210714,277,1,10,130,68,73,58,9,418,46
20210715,263,0,13,143,66,61,66,9,420,46
20210716,253,2,13,163,55,73,61,9,427,55
20210717,226,0,12,127,69,112,51,9,411,56
20210718,176,1,6,115,55,87,58,6,384,45
20210719,247,1,7,143,84,89,65,6,440,49
20210720,219,1,13,165,66,89,52,7,428,53
20210721,233,2,3,146,76,94,58,4,371,39
20210722,248,3,16,164,63,104,52,7,395,43
20210723,234,0,15,137,75,96,81,7,421,52
20210724,184,1,16,128,58,88,78,4,432,45
20210725,179,0,22,124,82,79,70,7,408,41
20210726,250,1,14,149,86,80,68,8,475,54
20210727,223,1,20,153,98,91,77,8,448,52
20210728,255,0,17,148,103,83,62,7,390,65
20210729,224,0,12,136,102,92,51,5,368,59
20210730,245,2,10,141,91,95,50,8,363,54
20210731,220,0,15,146,74,106,41,6,451,53
20210801,186,0,13,129,92,98,60,3,371,38
20210802,214,0,6,177,83,76,47,9,438,62
20210803,211,1,18,128,79,91,45,3,432,60
20210804,197,0,16,126,85,59,45,8,416,62
20210805,197,0,4,149,83,89,48,8,411,50
20210806,243,0,13,125,75,82,61,10,396,60
20210807,206,0,15,139,88,98,46,9,375,51
20210808,176,0,18,124,53,91,60,4,351,46
20210809,229,2,11,171,87,78,41,8,464,68
20210810,162,0,9,131,81,63,61,1,319,46
20210811,201,0,11,150,79,81,58,5,402,51
20210812,258,1,10,115,70,66,42,4,407,46
20210813,193,0,9,147,81,102,62,6,445,51
20210814,210,1,16,131,67,106,47,12,419,47
20210815,185,0,16,123,94,95,31,8,425,46
20210816,169,0,11,133,76,94,39,9,413,56
20210817,207,1,10,158,80,106,76,8,430,67
20210818,192,2,16,143,67,90,44,5,388,54
20210819,231,0,10,154,75,84,61,4,391,56
20210820,211,0,13,137,66,86,36,12,416,49
20210821,170,0,14,127,73,98,37,7,447,55
20210822,173,0,12,114,66,94,43,2,425,59
20210823,224,0,11,157,84,91,46,10,496,53
20210824,226,0,14,131,77,89,47,10,434,66
20210825,234,0,16,169,106,91,46,4,442,76
20210826,208,0,13,157,84,93,55,6,444,68
20210827,219,2,13,135,93,98,55,9,434,64
20210828,214,0,19,148,86,110,45,10,443,62
20210829,178,1,14,138,97,92,40,7,413,56
20210830,214,0,19,170,86,88,60,8,480,40
20210831,205,1,10,135,86,109,43,5,421,60
20210901,222,0,11,141,78,84,35,10,391,50
20210902,215,2,10,135,75,88,47,7,396,66
20210903,203,0,21,152,95,110,57,10,411,79
20210904,187,0,9,128,97,86,48,3,428,41
20210905,171,0,12,115,87,103,44,8,421,51
20210906,197,1,16,163,97,90,47,7,488,61
20210907,189,2,15,128,90,98,48,9,429,56
20210908,218,0,12,160,80,82,55,9,450,44
20210909,217,1,17,171,99,86,54,7,482,62
20210910,230,0,14,148,102,106,54,5,451,72
20210911,212,0,13,153,93,101,45,2,481,55
20210912,205,5,20,115,79,108,62,6,427,54
20210913,231,0,17,172,107,102,48,8,484,69
20210914,258,3,9,145,110,83,46,12,434,62
20210915,207,0,17,151,84,79,61,3,440,60
20210916,214,0,19,146,81,103,44,11,500,56
20210917,210,0,21,113,89,102,63,10,488,53
20210918,215,0,12,130,88,114,50,10,470,49
20210919,202,0,15,135,91,91,42,7,440,45
20210920,256,0,5,116,82,102,48,7,442,57
20210921,236,1,9,133,72,91,53,7,396,48
20210922,198,1,11,120,81,101,64,7,411,52
20210923,271,0,11,153,95,82,59,7,443,58
20210924,293,1,13,122,82,96,37,9,432,43
20210925,234,0,9,143,77,111,55,9,421,56
20210926,241,2,9,123,82,99,40,7,431,49
20210927,253,0,16,133,111,75,60,7,451,49
20210928,212,0,16,146,92,85,43,8,442,63
20210929,246,0,12,138,76,95,47,9,448,74
20210930,221,0,10,152,78,102,50,6,481,61
20211001,250,1,12,165,93,119,48,5,421,52
20211002,221,0,11,125,89,94,37,10,439,45
20211003,223,1,8,131,68,96,38,14,423,47
20211004,214,1,13,130,81,90,46,8,458,68
20211005,162,1,13,179,90,88,47,9,469,75
20211006,187,1,9,145,90,78,52,8,393,60
20211007,186,0,4,131,69,89,52,10,442,58
20211008,180,0,13,155,75,75,52,9,468,76
20211009,194,0,13,148,68,104,27,8,405,47
20211010,159,0,10,123,71,94,40,7,413,51
20211011,181,1,9,97,58,80,52,6,422,61
20211012,188,1,15,157,81,91,44,14,384,47
20211013,173,0,12,152,84,79,48,13,372,58
20211014,174,1,11,123,84,90,42,8,433,56
20211015,180,0,13,134,95,101,38,6,427,59
20211016,162,1,11,119,99,104,41,6,394,38
20211017,136,0,15,97,77,76,49,7,378,45
20211018,179,0,8,137,90,70,42,3,463,62
20211019,161,4,13,117,108,82,52,7,395,56
20211020,155,1,10,129,76,89,55,13,410,42
20211021,165,1,9,139,84,83,42,5,398,52
20211022,188,1,16,131,90,87,51,10,441,57
20211023,170,0,15,130,80,110,48,9,435,50
20211024,181,0,13,119,77,92,45,7,406,46
20211025,166,2,8,150,110,84,47,4,467,75
20211026,170,0,9,148,103,92,51,9,401,50
20211027,181,0,9,158,89,80,55,4,438,37
20211028,175,1,9,141,79,80,49,7,465,47
20211029,189,0,11,149,83,83,69,8,447,63
20211030,171,1,8,112,80,96,55,7,460,58
20211031,144,1,16,109,71,100,59,7,431,59
20211101,186,1,12,137,104,77,58,8,449,63
20211102,169,0,12,135,99,94,69,10,427,53
20211103,204,2,15,137,74,93,50,9,444,61
20211104,195,2,11,141,83,98,41,6,427,73
20211105,199,1,6,145,73,104,53,10,481,63
20211106,172,0,21,136,71,103,59,9,478,58
20211107,182,2,20,131,79,90,52,8,436,58
20211108,179,0,14,145,96,98,64,4,488,69
20211109,182,0,16,141,69,91,59,7,426,51
20211110,193,1,12,145,78,84,45,10,436,57
20211111,167,0,8,145,82,94,44,10,397,57
20211112,187,0,18,148,83,94,44,11,397,48
20211113,182,0,19,144,63,134,61,8,459,52
20211114,207,0,16,129,69,91,46,2,429,69
20211115,206,0,14,159,96,93,59,6,511,61
20211116,194,2,13,121,79,81,52,10,411,56
20211117,176,2,10,121,81,95,61,12,409,76
20211118,191,0,17,132,81,111,61,10,422,70
20211119,203,0,17,162,65,100,52,5,423,77
20211120,190,2,21,119,88,117,60,8,425,68
20211121,182,1,14,154,71,100,67,7,423,57
20211122,199,1,6,156,79,83,63,9,470,71
20211123,204,1,14,125,67,87,31,9,348,56
20211124,186,1,18,132,98,94,54,10,445,65
20211125,202,0,13,116,100,90,51,5,427,65
20211126,212,1,11,146,91,95,43,6,399,62
20211127,181,0,14,109,78,116,60,9,362,54
20211128,175,1,18,120,63,104,62,6,410,66
20211129,215,0,12,138,80,70,41,9,443,56
20211130,192,2,16,112,92,87,51,7,393,73
20211201,167,1,12,143,92,87,60,11,403,54
20211202,172,0,16,118,96,69,55,10,399,62
20211203,172,0,13,108,78,94,34,10,420,83
20211204,165,1,12,124,73,98,51,12,398,61
20211205,181,2,16,129,81,102,50,10,371,63
20211206,178,0,11,156,105,68,56,11,451,84
20211207,188,1,13,138,88,74,55,6,381,75
20211208,182,1,17,133,94,79,56,8,412,79
20211209,204,1,8,136,74,81,55,10,374,105
20211210,186,2,18,97,93,72,62,8,399,87
20211211,204,0,11,113,80,89,64,9,368,89
20211212,188,0,15,106,61,92,64,3,347,87
20211213,181,1,8,129,99,87,56,7,438,78
20211214,166,3,14,120,86,67,54,8,381,82
20211215,173,0,5,122,80,80,64,12,385,88
20211216,201,3,20,123,82,89,53,9,396,85
20211217,193,0,14,113,91,86,62,6,368,94
20211218,187,0,13,122,75,117,53,5,445,80
20211219,177,4,9,103,75,75,49,4,443,65
20211220,189,2,8,124,83,71,47,6,413,73
20211221,190,2,19,114,102,80,57,9,379,85
20211222,163,0,6,115,85,84,33,5,350,73
20211223,175,4,9,110,65,88,42,12,389,96
20211224,180,0,13,107,67,100,40,12,396,59
20211225,152,2,11,99,65,78,42,6,362,56
20211226,135,1,11,91,80,64,34,6,292,55
20211227,147,2,11,107,98,64,44,10,408,63
20211228,173,3,15,119,81,80,35,7,366,58
20211229,164,3,11,121,82,81,57,5,404,49
20211230,186,3,13,116,82,97,25,11,405,58
20211231,179,1,15,107,81,99,50,6,414,59
20220101,149,3,19,109,79,87,44,13,360,47
20220102,138,1,8,105,77,81,43,2,387,57
20220103,162,1,8,117,93,84,31,6,406,72
20220104,176,2,15,94,85,74,25,7,331,57
20220105,183,1,15,123,80,70,40,9,356,52
20220106,149,1,17,126,83,74,32,8,358,54
20220107,143,0,15,113,81,87,44,3,396,53
20220108,147,2,16,122,65,97,57,4,366,52
20220109,145,1,26,125,64,77,49,12,354,52
20220110,167,0,9,143,80,69,37,10,423,57
20220111,144,1,10,120,88,88,38,12,392,54
20220112,170,0,18,120,71,87,45,5,382,50
20220113,163,1,17,114,99,87,31,5,336,46
20220114,130,1,9,144,67,67,41,9,406,58
20220115,143,0,11,115,88,93,48,7,389,38
20220116,159,0,14,106,67,82,45,6,390,51
20220117,158,3,20,128,89,64,51,9,401,54
20220118,162,0,16,127,90,82,49,9,363,37
20220119,166,1,8,88,71,105,35,14,383,57
20220120,146,1,19,110,88,84,33,6,388,49
20220121,183,2,13,139,66,94,27,5,411,67
20220122,178,0,15,108,71,97,42,6,409,40
20220123,142,0,14,123,91,95,47,4,381,43
20220124,195,2,15,128,96,74,44,14,412,50
20220125,148,1,14,150,99,86,36,7,357,44
20220126,187,1,15,125,62,102,44,10,406,55
20220127,192,1,15,124,67,73,57,6,370,51
20220128,168,0,14,125,67,78,41,5,407,44
20220129,164,1,16,117,66,92,65,9,405,48
20220130,137,2,19,129,75,89,60,11,368,50
20220131,177,1,12,117,79,88,68,9,388,40
20220201,165,1,21,111,66,67,59,10,431,38
20220202,184,2,17,112,83,78,64,3,459,55
20220203,188,1,16,128,85,76,58,4,458,60
20220204,174,2,13,120,88,71,68,7,455,50
20220205,185,0,18,103,80,100,56,7,395,41
20220206,181,0,18,104,78,61,50,10,369,51
20220207,202,2,15,144,84,62,60,10,427,66
20220208,206,2,15,109,71,91,49,9,422,58
20220209,204,0,12,136,96,72,66,9,363,43
20220210,198,0,9,124,75,78,65,7,396,64
20220211,194,1,20,144,80,81,72,8,376,59
20220212,234,0,15,126,80,98,69,8,398,52
20220213,205,4,22,115,72,94,75,6,391,52
20220214,205,1,10,152,92,80,70,15,439,57
20220215,210,2,4,115,74,92,81,8,395,64
20220216,183,1,13,105,70,73,72,9,364,51
20220217,204,3,10,102,84,75,70,7,355,57
20220218,241,1,14,112,79,82,73,6,390,58
20220219,194,3,12,111,92,85,93,8,416,49
20220220,197,2,15,115,94,92,83,7,368,67
20220221,197,2,22,121,88,85,84,10,358,69
20220222,211,0,13,120,86,78,103,11,429,72
20220223,223,3,18,127,82,61,73,9,371,68
20220224,219,5,17,129,100,78,98,5,415,63
20220225,244,5,6,136,89,89,116,14,437,59
20220226,217,3,13,108,76,110,133,11,393,83
20220227,246,2,19,121,82,87,110,7,386,73
20220228,243,4,16,141,70,81,99,10,470,72
20220301,199,1,19,122,81,97,138,12,389,73
20220302,222,3,20,146,109,87,121,8,423,79
20220303,225,3,14,143,88,68,122,5,422,83
20220304,248,3,10,128,86,69,105,6,427,86
20220305,257,0,12,128,67,90,128,5,385,74
20220306,227,2,14,127,95,82,129,10,346,91
20220307,249,1,11,163,99,67,133,9,410,76
20220308,234,2,18,116,80,81,130,11,422,94
20220309,253,3,18,114,89,94,138,5,416,70
20220310,249,2,15,128,106,79,152,8,418,90
20220311,248,3,21,111,69,84,142,11,443,86
20220312,229,5,21,136,109,99,157,9,397,102
20220313,243,11,19,131,98,85,162,9,421,94
20220314,264,0,25,163,101,83,126,13,421,86
20220315,264,3,21,167,76,85,124,11,385,88
20220316,302,5,12,139,116,85,142,16,391,105
20220317,260,4,16,142,100,101,109,9,398,94
20220318,244,3,17,132,78,79,106,7,401,96
20220319,233,4,15,143,96,95,121,9,380,90
20220320,243,3,19,128,88,80,129,9,371,81
20220321,238,0,14,156,107,91,85,11,420,97
20220322,215,2,15,143,86,90,111,13,383,91
20220323,244,2,16,142,84,72,93,13,361,87
20220324,207,3,18,157,103,64,88,9,397,101
20220325,257,0,23,142,88,87,89,11,429,79
20220326,251,4,15,126,103,96,106,9,443,82
20220327,181,4,9,123,96,92,118,5,424,69
20220328,239,1,24,149,96,75,116,11,421,100
20220329,264,1,15,157,89,79,93,13,443,97
20220330,222,1,21,146,100,75,85,10,400,96
20220331,249,3,21,156,98,99,95,10,427,80
20220401,217,1,16,152,94,85,56,12,432,71
20220402,216,1,21,136,85,114,69,11,436,76
20220403,189,0,11,128,66,94,102,11,401,68
20220404,196,3,21,145,106,95,86,13,450,86
20220405,194,1,27,150,80,93,82,8,432,68
20220406,214,0,14,124,83,81,58,10,411,80
20220407,217,5,20,135,99,96,74,9,439,82
20220408,224,2,15,151,99,115,61,13,456,66
20220409,198,2,21,144,95,112,77,9,475,74
20220410,177,2,8,143,93,130,75,10,415,72
20220411,233,0,20,169,102,88,60,10,465,97
20220412,196,1,13,139,88,118,76,7,413,79
20220413,156,1,18,145,69,83,64,13,421,70
20220414,175,2,18,127,90,93,55,8,428,48
20220415,192,1,13,150,97,118,58,7,424,66
20220416,165,2,18,128,66,134,49,9,419,51
20220417,140,1,14,124,72,112,51,14,408,54
20220418,167,2,18,154,101,99,54,15,442,79
20220419,158,0,18,133,82,109,44,9,434,51
20220420,180,2,12,140,74,117,44,6,435,63
20220421,194,0,19,131,84,117,60,13,425,68
20220422,146,1,14,143,83,128,52,5,408,68
20220423,173,2,14,127,78,124,60,10,420,65
20220424,142,0,17,113,85,120,53,10,464,49
20220425,160,1,11,151,100,94,47,9,497,66
20220426,208,2,12,150,82,115,33,8,403,58
20220427,145,0,17,134,79,115,36,7,412,63
20220428,158,2,17,139,78,109,42,14,416,48
20220429,163,2,12,148,63,96,34,6,417,48
20220430,160,0,20,149,68,146,42,7,461,57
20220501,154,1,18,133,52,114,37,11,436,46
20220502,171,0,21,152,81,108,42,6,477,64
20220503,150,3,19,142,77,97,45,7,461,49
20220504,176,1,18,167,72,112,32,5,450,51
20220505,157,0,9,127,74,112,51,13,470,45
20220506,153,0,19,168,87,84,48,7,463,62
20220507,165,1,13,134,66,130,35,7,403,72
20220508,114,1,25,135,69,103,43,7,427,48
20220509,177,2,18,169,75,105,30,7,482,60
20220510,146,1,14,160,82,112,43,6,487,44
20220511,169,1,18,175,91,113,29,15,468,43
20220512,159,1,18,160,62,112,36,10,435,65
20220513,156,2,15,150,71,123,43,11,464,59
20220514,146,2,20,118,71,152,39,5,483,48
20220515,139,1,21,133,61,123,37,4,459,52
20220516,178,0,12,179,69,85,30,9,515,54
20220517,167,1,15,152,73,91,41,9,426,52
20220518,151,1,17,151,74,99,34,11,390,61
20220519,156,1,20,180,67,134,41,16,454,61
20220520,155,0,18,203,86,121,25,9,439,56
20220521,153,0,19,156,62,147,33,10,487,48
20220522,165,1,13,151,74,130,45,6,459,56
20220523,168,2,15,195,94,105,42,4,490,81
20220524,158,2,25,175,67,89,40,8,426,48
20220525,143,1,21,159,67,122,30,6,460,46
20220526,157,0,18,170,66,126,27,6,465,59
20220527,139,0,12,183,83,129,34,4,495,49
20220528,154,0,17,160,66,161,32,6,468,53
20220529,123,1,10,175,76,121,35,6,449,70
20220530,173,0,15,162,93,92,35,7,457,59
20220531,140,1,14,147,68,126,30,10,482,37
20220601,138,1,19,149,82,148,47,9,455,53
20220602,150,0,13,162,61,107,29,9,446,53
20220603,140,0,23,139,70,91,46,6,513,61
20220604,132,1,17,140,69,118,40,12,448,44
20220605,117,0,20,137,71,111,37,5,476,38
20220606,102,1,13,135,68,99,34,7,476,52
20220607,147,1,12,143,77,94,40,10,550,54
20220608,139,2,15,163,74,99,37,11,427,45
20220609,160,2,15,159,71,90,42,10,406,49
20220610,135,1,11,151,52,102,36,9,416,49
20220611,138,0,19,164,63,108,44,10,439,62
20220612,129,2,15,137,80,116,40,8,468,38
20220613,157,2,11,171,75,72,53,8,478,68
20220614,126,1,13,157,63,95,44,9,456,53
20220615,125,0,16,159,61,114,29,6,413,42
20220616,139,0,17,152,47,123,44,8,434,41
20220617,173,0,21,155,70,113,39,10,414,62
20220618,125,0,14,153,72,131,36,8,442,45
20220619,120,0,22,151,81,126,42,7,444,57
20220620,166,0,23,197,77,98,48,12,460,56
20220621,154,0,12,178,69,126,53,9,452,61
20220622,142,0,17,191,89,101,31,5,449,41
20220623,123,2,18,181,66,128,38,4,474,35
20220624,162,2,20,174,63,132,44,5,469,46
20220625,148,1,22,149,57,119,57,3,500,53
20220626,120,0,16,153,70,140,37,5,459,46
20220627,170,1,26,155,85,93,42,11,497,58
20220628,137,2,9,147,73,128,55,6,431,55
20220629,127,1,15,165,69,127,42,9,478,57
20220630,144,1,19,161,71,120,56,8,477,52
20220701,183,2,25,180,61,114,46,7,537,51
20220702,151,1,16,179,78,148,60,9,499,34
20220703,152,0,17,157,88,126,58,8,483,43
20220704,188,0,13,220,71,103,55,5,541,65
20220705,168,1,19,161,63,123,78,6,468,47
20220706,171,1,12,166,77,95,87,5,460,62
20220707,155,0,29,178,71,125,67,6,424,57
20220708,153,0,22,147,86,105,49,8,448,50
20220709,164,0,27,146,81,127,67,7,511,52
20220710,164,1,19,149,81,115,76,5,549,48
20220711,171,0,30,201,73,94,76,6,497,70
20220712,178,1,19,172,75,93,70,10,468,51
20220713,138,2,12,167,72,81,68,9,507,48
20220714,136,2,23,158,87,132,59,7,510,53
20220715,177,2,15,143,75,113,99,4,463,62
20220716,150,0,23,139,81,95,69,7,495,58
20220717,146,0,21,169,68,131,80,8,509,37
20220718,208,0,17,171,86,117,83,11,540,62
20220719,153,0,14,167,63,102,92,8,480,60
20220720,181,0,19,176,72,105,64,4,498,53
20220721,160,2,16,143,71,99,101,6,489,45
20220722,169,0,21,185,74,109,80,12,483,61
20220723,169,2,28,156,58,134,97,11,526,53
20220724,165,2,16,145,65,105,90,9,484,61
20220725,194,1,16,202,76,114,90,16,526,72
20220726,174,1,13,185,67,113,80,8,515,63
20220727,206,0,16,197,92,105,99,9,496,66
20220728,204,4,20,146,78,113,84,10,487,47
20220729,211,0,26,174,75,98,121,14,497,59
20220730,215,0,17,152,88,138,88,8,523,68
20220731,167,1,28,134,59,127,111,11,519,67
20220801,219,0,11,181,76,107,108,10,584,64
20220802,203,1,13,163,78,127,103,11,526,52
20220803,199,0,18,157,61,112,97,12,486,58
20220804,190,0,16,197,80,97,126,11,530,54
20220805,186,0,20,156,67,115,132,12,513,48
20220806,163,0,25,163,66,115,117,8,516,68
20220807,169,0,24,179,66,112,136,9,509,64
20220808,184,0,15,170,101,116,92,11,521,57
20220809,174,2,20,166,72,122,101,11,537,78
20220810,202,0,15,156,63,97,117,10,513,70
20220811,201,1,12,179,65,102,125,8,491,64
20220812,228,1,22,168,69,119,91,10,522,61
20220813,166,0,28,175,76,128,109,7,490,54
20220814,207,0,21,162,69,122,143,9,486,70
20220815,196,1,23,172,86,107,143,17,507,81
20220816,200,0,23,188,90,114,104,10,489,64
20220817,177,1,25,194,81,114,102,5,482,65
20220818,183,0,13,168,80,107,98,16,517,63
20220819,190,1,20,169,90,121,110,4,505,68
20220820,204,4,17,168,72,132,111,9,522,70
20220821,176,3,26,158,81,153,104,10,518,68
20220822,210,1,18,195,80,123,113,12,528,76
20220823,179,0,12,166,78,107,109,9,448,58
20220824,165,0,21,183,67,130,86,11,497,41
20220825,164,2,16,151,59,103,80,9,486,53
20220826,180,1,17,170,67,114,80,6,490,51
20220827,172,1,17,140,76,134,91,9,527,58
20220828,154,1,11,155,61,106,103,9,531,65
20220829,173,1,17,201,84,115,82,8,542,58
20220830,159,1,11,149,69,92,59,4,452,63
20220831,157,0,18,160,72,104,88,3,502,64
20220901,173,0,21,180,80,111,94,7,508,58
20220902,153,1,24,153,95,119,71,13,553,59
20220903,160,1,24,135,92,133,107,11,511,48
20220904,161,2,17,164,71,113,87,13,517,56
20220905,162,1,11,167,78,102,75,6,558,69
20220906,167,3,14,167,70,111,60,13,458,54
20220907,179,3,16,176,50,126,86,6,528,38
20220908,175,3,13,149,70,122,72,8,458,53
20220909,175,0,14,153,70,133,73,7,450,64
20220910,177,3,20,149,69,109,91,3,472,55
20220911,156,4,25,128,75,111,98,8,469,63
20220912,168,0,17,131,82,96,84,9,512,76
20220913,205,2,13,198,93,90,74,9,561,66
20220914,172,0,10,150,83,99,68,11,459,63
20220915,185,0,21,173,75,105,58,11,480,68
20220916,161,0,20,174,76,129,61,6,512,70
20220917,152,0,20,179,64,131,86,7,499,66
20220918,172,0,21,156,91,136,71,5,551,71
20220919,169,1,16,206,72,106,87,11,519,66
20220920,147,2,15,157,63,123,58,11,438,51
20220921,145,1,16,151,68,106,56,15,493,48
20220922,129,1,19,142,72,111,58,4,482,50
20220923,146,0,7,136,75,140,64,14,473,32
20220924,130,1,14,154,60,137,45,10,504,55
20220925,135,1,19,145,69,113,57,12,455,32
20220926,169,0,19,155,74,85,52,12,510,56
20220927,131,0,14,136,68,83,55,12,486,55
20220928,142,0,15,154,77,97,54,9,470,42
20220929,144,0,19,139,83,125,59,10,451,69
20220930,160,0,15,157,55,107,49,7,490,49
20221001,171,1,17,157,60,149,72,10,486,36
20221002,146,0,16,142,71,133,60,8,498,50
20221003,150,0,19,141,67,129,52,8,513,58
20221004,181,0,16,181,66,105,73,11,446,50
20221005,167,1,5,137,76,92,46,11,443,43
20221006,152,0,19,154,59,107,51,7,470,45
20221007,164,1,16,135,68,112,58,1,480,48
20221008,139,1,16,139,60,126,59,4,466,71
20221009,127,1,24,134,68,105,53,4,509,53
20221010,118,0,18,119,60,106,42,7,428,49
20221011,141,0,11,164,84,95,43,10,477,44
20221012,172,1,9,154,77,126,49,6,476,55
20221013,148,1,13,128,74,92,46,10,460,54
20221014,126,0,18,145,77,127,59,5,467,46
20221015,143,0,17,144,67,138,59,8,515,43
20221016,141,2,20,151,67,126,62,6,469,47
20221017,138,1,18,153,71,97,41,13,495,56
20221018,135,0,15,150,68,92,62,2,444,58
20221019,144,0,17,142,52,106,58,5,419,54
20221020,151,0,17,149,78,116,52,6,462,57
20221021,178,0,13,141,57,114,54,6,477,66
20221022,166,1,16,148,75,119,65,13,531,56
20221023,132,2,13,133,76,123,70,11,470,48
20221024,167,0,16,151,104,103,64,8,525,75
20221025,157,1,9,161,78,76,58,11,461,53
20221026,136,3,19,139,88,98,68,15,446,45
20221027,159,2,18,163,88,121,63,10,430,59
20221028,142,0,17,163,89,106,84,13,497,53
20221031,188,3,16,193,91,93,63,10,466,68
20221101,157,0,17,162,80,101,57,8,443,62
20221102,143,0,10,166,72,102,55,10,418,63
20221103,135,0,14,156,75,102,57,6,479,51
20221104,143,0,14,148,66,83,53,6,480,53
20221105,143,1,10,144,59,108,59,10,492,54
20221106,151,1,13,165,70,120,66,13,461,63
20221107,145,1,11,178,72,98,59,11,462,73
20221108,152,1,12,169,75,95,57,9,444,70
20221109,130,2,10,154,74,93,73,7,425,60
20221110,172,2,17,183,74,105,84,6,477,71
20221111,143,0,17,157,79,112,83,10,463,57
20221112,171,0,13,136,73,137,66,11,482,65
20221113,147,0,16,135,87,111,75,8,443,50
20221114,160,0,11,195,96,118,77,10,515,78
20221115,161,0,15,146,75,92,56,5,447,72
20221116,151,0,12,161,81,114,63,7,462,71
20221117,152,3,16,190,68,111,57,10,403,50
20221118,143,0,17,174,79,110,55,12,465,53
20221119,142,2,14,148,90,142,76,13,471,48
20221120,161,1,23,145,85,134,73,7,485,48
20221121,165,0,12,190,75,89,71,10,479,78
20221122,156,1,17,138,76,107,68,5,456,57
20221123,124,1,12,162,79,95,74,11,443,58
20221124,160,2,20,169,76,105,66,10,444,76
20221125,165,0,18,137,69,102,56,9,448,79
20221126,147,0,20,126,77,132,63,12,464,43
20221127,132,1,18,147,66,119,77,9,423,66
20221128,156,2,18,163,77,109,51,9,518,82
20221129,159,0,17,170,70,82,65,6,439,58
20221130,124,2,9,133,63,101,53,9,435,45
20221201,134,0,19,136,70,77,72,12,399,54
20221202,145,0,13,147,76,111,82,5,420,68
20221203,144,0,16,176,76,118,54,11,438,65
20221204,110,1,20,138,65,117,54,8,424,47
20221205,162,1,22,153,67,101,78,12,535,83
20221206,142,1,17,142,83,98,68,11,468,59
20221207,153,0,20,151,77,121,79,4,464,53
20221208,144,0,22,149,69,114,66,2,467,71
20221209,159,1,12,177,83,118,83,6,431,58
20221210,155,2,20,132,81,107,63,12,470,66
20221211,122,0,14,128,80,106,88,5,468,70
20221212,147,2,15,168,92,99,79,11,502,53
20221213,152,2,12,167,86,94,60,7,450,62
20221214,138,0,18,136,69,98,74,6,462,63
20221215,146,2,20,146,69,140,71,7,526,68
20221216,132,0,17,148,83,132,62,5,492,56
20221217,158,0,19,148,86,130,87,5,526,58
20221218,133,0,18,122,74,141,81,6,465,46
20221219,142,0,19,175,83,89,72,16,510,58
20221220,146,2,13,139,77,106,69,9,468,71
20221221,148,2,16,165,74,116,79,8,510,66
20221222,146,0,11,121,74,133,99,10,533,77
20221223,127,1,25,139,84,114,75,10,479,69
20221224,172,0,20,138,87,131,63,6,474,64
20221225,128,2,13,153,84,113,85,4,506,72
20221226,163,3,12,169,91,108,74,10,541,84
20221227,170,1,15,166,72,116,92,7,477,56
20221228,175,0,22,159,103,110,78,16,510,67
20221229,178,3,14,139,95,118,68,7,465,57
20221230,132,1,21,162,94,132,62,13,536,67
20221231,155,3,16,153,69,106,70,10,464,65
